country,code,year,under_5,age_5_14,age_15_49,age_50_69,over_70,total_deaths,population,perc_of_pop_w_malaria,gdp_per_capita
Afghanistan,AFG,2000,239,43,559,49,35,925,22856302,1.04,0
Albania,ALB,2000,0,0,0,0,0,0,3071856,0,5669
Algeria,DZA,2000,0,0,5,1,1,7,30533827,0.01,10211
American Samoa,ASM,2000,0,0,0,0,0,0,57625,0,0
Andean Latin America,,2000,16,10,24,9,6,65,,0.73,0
Andorra,AND,2000,0,0,0,0,0,0,64634,0,0
Angola,AGO,2000,6638,749,1196,694,185,9462,13926373,15.19,2873
Antigua and Barbuda,ATG,2000,0,0,0,0,0,0,77656,0,18908
Argentina,ARG,2000,0,0,3,1,2,6,36930709,0.03,14900
Armenia,ARM,2000,0,0,0,0,0,0,3076098,0.08,2925
Australasia,,2000,0,0,0,0,0,0,,0,0
Australia,AUS,2000,0,0,0,0,0,0,19164351,0,35378
Austria,AUT,2000,0,0,0,0,0,0,8004712,0,38844
Azerbaijan,AZE,2000,0,0,1,0,0,1,8110723,0.15,4459
Bahamas,BHS,2000,0,0,0,0,0,0,297651,0,32991
Bahrain,BHR,2000,0,0,0,0,0,0,638193,0,44942
Bangladesh,BGD,2000,3,2983,1624,960,533,6103,129592275,0.66,1642
Barbados,BRB,2000,0,0,0,0,0,0,267511,0,15468
Belarus,BLR,2000,0,0,0,0,0,0,10057810,0,7563
Belgium,BEL,2000,0,0,0,0,0,0,10175684,0,37189
Belize,BLZ,2000,0,0,0,0,0,0,250512,0.73,6961
Benin,BEN,2000,4953,631,754,499,307,7144,6517810,29.1,1666
Bermuda,BMU,2000,0,0,0,0,0,0,62834,0,51140
Bhutan,BTN,2000,26,10,3,2,1,42,571262,2.37,3539
Bolivia,BOL,2000,4,1,4,1,1,11,8307248,0.67,4412
Bosnia and Herzegovina,BIH,2000,0,0,0,0,0,0,3693698,0,6325
Botswana,BWA,2000,2,1,3,1,0,7,1757925,0.13,10411
Brazil,BRA,2000,39,19,63,18,10,149,174425387,0.25,11371
Brunei,BRN,2000,0,0,0,0,0,0,327036,0,82050
Bulgaria,BGR,2000,0,0,0,0,0,0,8006158,0,8833
Burkina Faso,BFA,2000,21968,2098,2191,1873,1085,29215,12294012,49.65,1075
Burundi,BDI,2000,10227,1248,2042,1160,330,15007,6374347,34.9,754
Cambodia,KHM,2000,469,222,674,230,65,1660,12446949,1.9,1385
Cameroon,CMR,2000,12120,1812,2891,2086,975,19884,15678269,24.18,2604
Canada,CAN,2000,0,0,0,0,0,0,30667365,0,37432
Cape Verde,CPV,2000,4,0,0,0,0,4,437238,0.08,3835
Caribbean,,2000,5,4,28,6,2,45,,0.18,0
Central African Republic,CAF,2000,2758,356,594,346,75,4129,3701607,34.85,813
Central Asia,,2000,23,1,8,3,2,37,,0.09,0
Central Europe,,2000,0,0,0,0,0,0,,0,0
"Central Europe, Eastern Europe, and Central Asia",,2000,23,1,8,3,2,37,,0.02,0
Central Latin America,,2000,51,32,100,31,21,235,,0.31,0
Central Sub-Saharan Africa,,2000,84943,8556,14840,9001,2613,119953,,31.52,0
Chad,TCD,2000,4375,528,758,593,348,6602,8222327,11.98,993
Chile,CHL,2000,0,0,0,0,0,0,15419820,0,14315
China,CHN,2000,4,8,103,21,26,162,1269116737,0.02,3701
Colombia,COL,2000,26,18,39,11,6,100,39764166,0.65,8308
Comoros,COM,2000,1,1,2,0,0,4,562469,13.78,1481
Congo,COG,2000,1701,190,620,363,109,2983,3135773,23.96,4480
Costa Rica,CRI,2000,0,0,0,0,0,0,3919180,0.23,9878
Cote d'Ivoire,CIV,2000,18691,2288,3761,2308,1044,28092,16581653,39.67,2948
Croatia,HRV,2000,0,0,0,0,0,0,4505533,0,15742
Cuba,CUB,2000,0,0,0,0,0,0,11104313,0,0
Cyprus,CYP,2000,0,0,0,0,0,0,943294,0,30086
Czech Republic,CZE,2000,0,0,0,0,0,0,10242890,0,21194
Democratic Republic of Congo,COD,2000,72558,7096,12070,7327,2161,101212,49626200,36.6,573
Denmark,DNK,2000,0,0,0,0,0,0,5339501,0,42338
Djibouti,DJI,2000,0,0,1,0,0,1,731930,0.35,0
Dominica,DMA,2000,0,0,0,0,0,0,69672,0,8175
Dominican Republic,DOM,2000,0,0,1,0,0,1,8591967,0.02,8200
East Asia,,2000,4,8,108,23,27,170,,0.03,0
Eastern Europe,,2000,0,0,0,0,0,0,,0,0
Eastern Sub-Saharan Africa,,2000,146464,17132,31905,19046,6137,220684,,16.65,0
Ecuador,ECU,2000,8,7,15,4,3,37,12345023,1.27,7388
Egypt,EGY,2000,0,0,0,0,0,0,67648419,0,7388
El Salvador,SLV,2000,0,0,1,0,0,1,5940305,0.13,5656
England,,2000,0,0,0,0,0,0,,0,0
Equatorial Guinea,GNQ,2000,870,98,144,92,25,1229,520380,32.39,10793
Eritrea,ERI,2000,3,1,5,1,0,10,3667576,1.6,1679
Estonia,EST,2000,0,0,0,0,0,0,1370749,0,15703
Ethiopia,ETH,2000,10127,1682,4646,2231,543,19229,65577897,3.43,618
Fiji,FJI,2000,0,0,0,0,0,0,811718,0,6674
Finland,FIN,2000,0,0,0,0,0,0,5173370,0,34887
France,FRA,2000,0,0,7,6,0,13,59047795,0,34881
Gabon,GAB,2000,418,67,215,179,59,938,1235274,26.31,17783
Gambia,GMB,2000,492,59,135,103,57,846,1297084,13.06,1550
Georgia,GEO,2000,0,0,0,0,0,0,4745765,0.09,3264
Germany,DEU,2000,0,0,0,0,0,0,82349027,0,36765
Ghana,GHA,2000,12227,1667,4403,3493,1949,23739,19165490,34.78,2259
Greece,GRC,2000,0,0,0,0,0,0,10986883,0,24839
Greenland,GRL,2000,0,0,0,0,0,0,56196,0,0
Grenada,GRD,2000,0,0,0,0,0,0,101522,0,9651
Guam,GUM,2000,0,0,0,0,0,0,155147,0,0
Guatemala,GTM,2000,8,4,18,10,8,48,11237101,0.92,6071
Guinea,GIN,2000,7292,789,854,824,588,10347,8344486,29.4,1421
Guinea-Bissau,GNB,2000,748,92,157,121,57,1175,1240655,21.9,1363
Guyana,GUY,2000,2,2,15,3,1,23,733101,2.24,4522
Haiti,HTI,2000,2,1,6,1,1,11,8645371,0.39,1739
High SDI,,2000,0,0,11,8,2,21,,0.01,0
High-income,,2000,0,0,13,9,3,25,,0.01,0
High-income Asia Pacific,,2000,0,0,3,1,1,5,,0.03,0
High-middle SDI,,2000,244,117,453,103,62,979,,0.04,0
Honduras,HND,2000,6,6,16,3,2,33,6218151,0.78,3329
Hungary,HUN,2000,0,0,0,0,0,0,10210545,0,17952
Iceland,ISL,2000,0,0,0,0,0,0,281210,0,34045
India,IND,2000,43653,19976,7431,4307,2353,77720,1053898107,0.96,2495
Indonesia,IDN,2000,951,414,4878,1588,963,8794,213395411,0.51,5806
Iran,IRN,2000,1,1,8,1,2,13,65342319,0.02,13135
Iraq,IRQ,2000,0,0,5,1,0,6,23857458,0.12,12177
Ireland,IRL,2000,0,0,0,0,0,0,3803780,0,38850
Israel,ISR,2000,0,0,0,0,0,0,6014953,0,26825
Italy,ITA,2000,0,0,0,0,0,0,56986329,0,36536
Jamaica,JAM,2000,0,0,0,0,0,0,2581648,0,7931
Japan,JPN,2000,0,0,0,0,0,0,125720310,0,33872
Jordan,JOR,2000,0,0,0,0,0,0,4827096,0,7235
Kazakhstan,KAZ,2000,3,0,0,0,0,3,14956694,0,9952
Kenya,KEN,2000,8240,1248,3390,2034,661,15573,31253701,13.13,2132
Kiribati,KIR,2000,0,0,0,0,0,0,84010,0,2007
Kuwait,KWT,2000,0,0,0,0,0,0,1940786,0,69920
Kyrgyzstan,KGZ,2000,0,0,1,0,0,1,4954850,0.02,2075
Laos,LAO,2000,5,1,9,2,1,18,5317060,3.02,2485
Latin America and Caribbean,,2000,110,65,216,64,39,494,,0.32,0
Latvia,LVA,2000,0,0,0,0,0,0,2384972,0,11175
Lebanon,LBN,2000,0,0,0,0,0,0,3742329,0,12532
Lesotho,LSO,2000,0,0,0,0,0,0,1963878,0,1781
Liberia,LBR,2000,2931,298,440,284,183,4136,2847290,21.7,839
Libya,LBY,2000,0,0,0,0,0,0,5231189,0,21922
Lithuania,LTU,2000,0,0,0,0,0,0,3500028,0,12190
Low SDI,,2000,339971,45792,59290,36995,14531,496579,,9.89,0
Low-middle SDI,,2000,221323,31444,42099,25870,13208,333944,,5.29,0
Luxembourg,LUX,2000,0,0,0,0,0,0,435491,0,81690
Macedonia,MKD,2000,0,0,0,0,0,0,2009091,0,8621
Madagascar,MDG,2000,2707,397,1103,597,157,4961,15364272,8.48,1444
Malawi,MWI,2000,11901,1326,2135,1385,516,17263,11228756,38.54,866
Malaysia,MYS,2000,1,1,7,3,1,13,23414909,0.37,16310
Maldives,MDV,2000,0,0,0,0,0,0,273236,0,9768
Mali,MLI,2000,15485,1281,1309,1064,444,19583,11295324,26.18,1463
Malta,MLT,2000,0,0,0,0,0,0,397420,0,24624
Marshall Islands,MHL,2000,0,0,0,0,0,0,52145,0,2894
Mauritania,MRT,2000,119,22,54,52,30,277,2642743,2.89,2751
Mauritius,MUS,2000,0,0,0,0,0,0,1196027,0,11077
Mexico,MEX,2000,0,0,8,2,2,12,99959594,0.05,15683
Micronesia (country),FSM,2000,0,0,0,0,0,0,,0,3119
Middle SDI,,2000,6201,2772,6773,2654,1655,20055,,0.32,0
Moldova,MDA,2000,0,0,0,0,0,0,4106736,0,2321
Mongolia,MNG,2000,0,0,0,0,0,0,2411369,0,4655
Montenegro,MNE,2000,0,0,0,0,0,0,632606,0,10397
Morocco,MAR,2000,0,0,5,1,1,7,28793236,0.01,4484
Mozambique,MOZ,2000,22698,2490,4096,2633,851,32768,18200656,37.83,562
Myanmar,MMR,2000,1501,603,2621,938,307,5970,44957660,1.63,1306
Namibia,NAM,2000,4,2,5,1,0,12,1895839,4.55,6106
Nepal,NPL,2000,691,254,100,55,31,1131,24400606,0.46,1540
Netherlands,NLD,2000,0,0,0,0,0,0,15862825,0,41722
New Zealand,NZL,2000,0,0,0,0,0,0,3858032,0,27620
Nicaragua,NIC,2000,5,2,4,1,1,13,5073704,0.65,3456
Niger,NER,2000,13622,1433,1452,872,411,17790,10922421,18.67,753
Nigeria,NGA,2000,152580,11487,17672,11845,6851,200435,123688536,30.44,2848
North Africa and Middle East,,2000,1998,399,2010,382,211,5000,,0.5,0
North America,,2000,0,0,0,0,0,0,,0,45146
North Korea,PRK,2000,0,0,3,1,1,5,22894095,0.75,0
Northern Ireland,,2000,0,0,0,0,0,0,,0,0
Northern Mariana Islands,MNP,2000,0,0,0,0,0,0,68432,0,0
Norway,NOR,2000,0,0,0,0,0,0,4490859,0,58045
Oceania,,2000,107,35,383,102,15,642,,8.11,0
Oman,OMN,2000,0,0,0,0,0,0,2264163,0.01,43966
Pakistan,PAK,2000,1574,2522,820,371,282,5569,144522192,1.12,3495
Palestine,PSE,2000,0,0,0,0,0,0,,0,4203
Panama,PAN,2000,0,0,0,0,0,0,2956126,0.18,10625
Papua New Guinea,PNG,2000,100,33,357,94,14,598,5378824,10.43,2745
Paraguay,PRY,2000,0,0,0,0,0,0,5343539,0.41,6085
Peru,PER,2000,4,2,6,3,2,17,25861887,0.49,6563
Philippines,PHL,2000,28,33,108,40,17,226,77309965,0.04,4224
Poland,POL,2000,0,0,0,0,0,0,38302444,0,14732
Portugal,PRT,2000,0,0,0,0,0,0,10336209,0,25999
Puerto Rico,PRI,2000,0,0,0,0,0,0,3814353,0,31005
Qatar,QAT,2000,0,0,0,0,0,0,590957,0,108324
Romania,ROU,2000,0,0,0,0,0,0,22191683,0,10471
Russia,RUS,2000,0,0,0,0,0,0,146757517,0,14051
Rwanda,RWA,2000,5394,731,1553,882,271,8831,8098344,7.71,793
Saint Lucia,LCA,2000,0,0,0,0,0,0,157108,0,10927
Saint Vincent and the Grenadines,VCT,2000,0,0,0,0,0,0,107891,0,7555
Samoa,WSM,2000,0,0,0,0,0,0,176549,0,4326
Sao Tome and Principe,STP,2000,6,0,0,0,0,6,141010,21.31,0
Saudi Arabia,SAU,2000,2,0,10,2,2,16,20045276,0.05,43071
Scotland,,2000,0,0,0,0,0,0,,0,0
Senegal,SEN,2000,5258,738,1268,991,576,8831,9505862,12.31,1911
Serbia,SRB,2000,0,0,0,0,0,0,10133561,0,7985
Seychelles,SYC,2000,0,0,0,0,0,0,78685,0,18453
Sierra Leone,SLE,2000,8306,845,863,612,427,11053,4143115,30.34,913
Singapore,SGP,2000,0,0,0,0,0,0,3919300,0,51706
Slovakia,SVK,2000,0,0,0,0,0,0,5404845,0,15605
Slovenia,SVN,2000,0,0,0,0,0,0,1985406,0,22723
Solomon Islands,SLB,2000,0,0,1,2,0,3,408732,10.65,1817
Somalia,SOM,2000,2487,310,681,280,55,3813,7399033,4.82,0
South Africa,ZAF,2000,27,39,170,35,10,281,44760380,0.01,9539
South Asia,,2000,45948,25744,9979,5694,3201,90566,,0.94,2520
South Korea,KOR,2000,0,0,3,1,1,5,45987624,0.1,20757
South Sudan,SSD,2000,3026,339,722,452,152,4691,6994624,20.44,0
Southeast Asia,,2000,3135,1393,9250,3192,1656,18626,,0.59,0
"Southeast Asia, East Asia, and Oceania",,2000,3246,1436,9740,3316,1698,19436,,0.25,0
Southern Latin America,,2000,0,0,3,1,2,6,,0.02,0
Southern Sub-Saharan Africa,,2000,476,290,326,61,23,1176,,1.44,0
Spain,ESP,2000,0,0,0,0,0,0,40288457,0,29967
Sri Lanka,LKA,2000,68,40,175,117,61,461,18745084,1.27,5542
Sub-Saharan Africa,,2000,516522,52497,86723,56185,24312,736239,,21.92,2379
Sudan,SDN,2000,1754,353,1407,326,168,4008,27193105,4.23,2287
Suriname,SUR,2000,1,1,4,1,0,7,466846,3.32,9731
Swaziland,SWZ,2000,3,1,2,1,0,7,1063832,0.17,5839
Sweden,SWE,2000,0,0,0,0,0,0,8860153,0,36855
Switzerland,CHE,2000,0,0,0,0,0,0,7167908,0,50776
Syria,SYR,2000,0,0,1,0,0,1,15988534,0,0
Taiwan,TWN,2000,0,0,0,0,0,0,22183000,0,0
Tajikistan,TJK,2000,20,0,3,1,1,25,6172807,0.65,1180
Tanzania,TZA,2000,23673,2510,4335,3068,1167,34753,34038161,21.49,1482
Thailand,THA,2000,28,37,265,54,33,417,63155029,0.45,9189
Timor,TLS,2000,1,0,1,0,0,2,,2.63,3308
Togo,TGO,2000,3457,452,689,456,208,5262,4793504,37.54,1277
Tonga,TON,2000,0,0,0,0,0,0,97935,0,4602
Trinidad and Tobago,TTO,2000,0,0,0,0,0,0,1292058,0,18324
Tropical Latin America,,2000,39,19,63,18,10,149,,0.25,0
Tunisia,TUN,2000,0,0,0,0,0,0,9456117,0,7574
Turkey,TUR,2000,0,0,4,2,1,7,63627862,0.09,13862
Turkmenistan,TKM,2000,0,0,0,0,0,0,4501419,0,5333
Uganda,UGA,2000,41733,4256,6162,3748,1260,57159,24213120,35.65,1050
Ukraine,UKR,2000,0,0,0,0,0,0,48891792,0,4797
United Arab Emirates,ARE,2000,0,0,0,0,0,0,3033491,0,102635
United Kingdom,GBR,2000,0,0,0,0,0,0,58874117,0,33266
United States,USA,2000,0,0,0,0,0,0,282496310,0,45986
United States Virgin Islands,VIR,2000,0,0,0,0,0,0,,0,0
Uruguay,URY,2000,0,0,0,0,0,0,3319066,0,12875
Uzbekistan,UZB,2000,0,0,3,1,1,5,24775610,0.02,2504
Vanuatu,VUT,2000,0,0,0,0,0,0,185074,5.53,2823
Venezuela,VEN,2000,4,2,13,4,2,25,24348304,0.36,14413
Vietnam,VNM,2000,77,40,499,215,204,1035,78758010,0.38,2562
Wales,,2000,0,0,0,0,0,0,,0,0
Western Europe,,2000,0,0,7,6,0,13,,0,0
Western Sub-Saharan Africa,,2000,284639,26520,39652,28077,15539,394427,,29.46,0
World,OWID_WRL,2000,567847,80142,108688,65654,29467,851798,,2.84,10346
Yemen,YEM,2000,0,0,5,0,0,5,,3.23,3894
Zambia,ZMB,2000,4156,582,1011,565,169,6483,10201562,16.95,2103
Zimbabwe,ZWE,2000,440,248,146,24,13,871,12509477,7.05,2583
Afghanistan,AFG,2008,219,67,747,53,35,1121,29839994,0.81,1298
Albania,ALB,2008,0,0,0,0,0,0,3181397,0,9154
Algeria,DZA,2008,0,0,5,1,1,7,34428028,0.01,12660
American Samoa,ASM,2008,0,0,0,0,0,0,66217,0,0
Andean Latin America,,2008,3,2,10,4,4,23,,0.31,0
Andorra,AND,2008,0,0,0,0,0,0,82577,0,0
Angola,AGO,2008,7503,894,1727,1014,286,11424,18037964,10.13,5978
Antigua and Barbuda,ATG,2008,0,0,0,0,0,0,86881,0,24111
Argentina,ARG,2008,0,0,2,1,1,4,39714298,0.01,18437
Armenia,ARM,2008,0,0,0,0,0,0,3079087,0,7558
Australasia,,2008,0,0,0,0,0,0,,0,0
Australia,AUS,2008,0,0,0,0,0,0,21513817,0,41332
Austria,AUT,2008,0,0,0,0,0,0,8341806,0,44442
Azerbaijan,AZE,2008,0,0,1,0,0,1,8943600,0.03,14365
Bahamas,BHS,2008,0,0,0,0,0,0,333661,0,31080
Bahrain,BHR,2008,0,0,0,0,0,0,1052359,0,42218
Bangladesh,BGD,2008,2,1490,1771,574,547,4384,145478300,0.29,2252
Barbados,BRB,2008,0,0,0,0,0,0,272180,0,17189
Belarus,BLR,2008,0,0,0,0,0,0,9680690,0,14972
Belgium,BEL,2008,0,0,0,0,0,0,10602167,0,41619
Belize,BLZ,2008,0,0,0,0,0,0,299237,0.35,7951
Benin,BEN,2008,7412,938,1423,966,575,11314,8355980,30.38,1841
Bermuda,BMU,2008,0,0,0,0,0,0,64657,0,60676
Bhutan,BTN,2008,19,7,4,2,1,33,701363,0.4,5592
Bolivia,BOL,2008,1,1,2,1,1,6,9618466,0.38,5191
Bosnia and Herzegovina,BIH,2008,0,0,0,0,0,0,3774164,0,9824
Botswana,BWA,2008,2,1,3,1,0,7,1954822,0.05,13768
Brazil,BRA,2008,10,8,41,13,9,81,191543237,0.16,13803
Brunei,BRN,2008,0,0,0,0,0,0,384695,0,81906
Bulgaria,BGR,2008,0,0,0,0,0,0,7591322,0,15442
Burkina Faso,BFA,2008,26659,2611,3487,2834,1513,37104,15515258,45.97,1394
Burundi,BDI,2008,5087,714,1610,951,260,8622,7943385,12.46,759
Cambodia,KHM,2008,313,136,716,261,79,1505,13822644,0.74,2452
Cameroon,CMR,2008,15898,2336,4182,2851,1468,26735,18758778,24.51,2928
Canada,CAN,2008,0,0,0,0,0,0,33327954,0,41611
Cape Verde,CPV,2008,2,0,0,0,0,2,487371,0.07,5944
Caribbean,,2008,3,2,20,5,2,32,,0.33,0
Central African Republic,CAF,2008,3962,492,867,447,100,5868,4237961,40.55,861
Central Asia,,2008,12,0,4,2,2,20,,0.05,0
Central Europe,,2008,0,0,0,0,0,0,,0,0
"Central Europe, Eastern Europe, and Central Asia",,2008,12,0,4,2,2,20,,0.01,0
Central Latin America,,2008,21,14,61,18,15,129,,0.18,0
Central Sub-Saharan Africa,,2008,96516,9881,19170,11486,3337,140390,,28.41,0
Chad,TCD,2008,8270,1024,1104,853,502,11753,10653762,19.62,1737
Chile,CHL,2008,0,0,0,0,0,0,16795593,0,19032
China,CHN,2008,2,3,79,25,34,143,1328275524,0.02,7948
Colombia,COL,2008,13,6,19,7,6,51,45005782,0.42,10547
Comoros,COM,2008,0,0,1,0,0,1,697034,7.07,1423
Congo,COG,2008,1183,153,634,365,106,2441,3836339,18.05,4730
Costa Rica,CRI,2008,0,0,0,0,0,0,4522124,0.12,12835
Cote d'Ivoire,CIV,2008,20204,2527,5130,3211,1491,32563,18987007,30.09,2672
Croatia,HRV,2008,0,0,0,0,0,0,4418387,0,22011
Cuba,CUB,2008,0,0,0,0,0,0,11266905,0,0
Cyprus,CYP,2008,0,0,0,0,0,0,1077001,0,35960
Czech Republic,CZE,2008,0,0,0,0,0,0,10377359,0,29373
Democratic Republic of Congo,COD,2008,82924,8210,15618,9438,2773,118963,62474901,34.25,640
Denmark,DNK,2008,0,0,0,0,0,0,5497312,0,45866
Djibouti,DJI,2008,0,0,1,0,0,1,855636,0.14,0
Dominica,DMA,2008,0,0,0,0,0,0,68159,0,10303
Dominican Republic,DOM,2008,0,0,1,0,0,1,9664948,0.02,10455
East Asia,,2008,2,3,83,26,35,149,,0.02,0
Eastern Europe,,2008,0,0,0,0,0,0,,0,0
Eastern Sub-Saharan Africa,,2008,83092,10531,23866,13688,4715,135892,,10.11,0
Ecuador,ECU,2008,1,1,4,1,2,9,14056740,0.18,9286
Egypt,EGY,2008,0,0,0,0,0,0,78323298,0,9305
El Salvador,SLV,2008,0,0,1,0,0,1,6129628,0.02,6358
England,,2008,0,0,0,0,0,0,,0,0
Equatorial Guinea,GNQ,2008,725,94,166,94,31,1110,662327,38.95,40016
Eritrea,ERI,2008,2,0,5,0,0,7,4947521,0.71,1384
Estonia,EST,2008,0,0,0,0,0,0,1342145,0,25969
Ethiopia,ETH,2008,2670,482,1565,742,219,5678,79446419,1.68,925
Fiji,FJI,2008,0,0,0,0,0,0,843651,0,7384
Finland,FIN,2008,0,0,0,0,0,0,5316334,0,42575
France,FRA,2008,0,0,0,0,2,2,62098413,0,37618
Gabon,GAB,2008,218,38,158,128,41,583,1450310,9.71,15288
Gambia,GMB,2008,140,22,89,69,47,367,1636107,2.89,1545
Georgia,GEO,2008,0,0,0,0,0,0,4394018,0.02,6408
Germany,DEU,2008,0,0,0,0,5,5,82475271,0,40989
Ghana,GHA,2008,13133,2210,7457,5351,3220,31371,23264176,27.63,2845
Greece,GRC,2008,0,0,0,0,0,0,11291807,0,31882
Greenland,GRL,2008,0,0,0,0,0,0,57317,0,0
Grenada,GRD,2008,0,0,0,0,0,0,103723,0,12118
Guam,GUM,2008,0,0,0,0,0,0,175538,0,0
Guatemala,GTM,2008,1,1,7,3,2,14,13690846,0.36,6782
Guinea,GIN,2008,10180,1276,1582,1424,921,15383,9559110,34.26,1587
Guinea-Bissau,GNB,2008,180,28,90,64,31,393,1453757,4.54,1361
Guyana,GUY,2008,1,1,8,2,1,13,751578,2.34,5425
Haiti,HTI,2008,1,1,7,1,1,11,9736332,1.02,1589
High SDI,,2008,0,0,2,1,12,15,,0,0
High-income,,2008,0,0,3,2,12,17,,0,0
High-income Asia Pacific,,2008,0,0,1,1,1,3,,0.01,0
High-middle SDI,,2008,148,76,398,100,71,793,,0.02,0
Honduras,HND,2008,5,6,18,4,3,36,7302742,0.35,4084
Hungary,HUN,2008,0,0,0,0,0,0,10021886,0,23734
Iceland,ISL,2008,0,0,0,0,0,0,310666,0,43335
India,IND,2008,33345,14673,7768,4789,2885,63460,1190863679,0.85,3787
Indonesia,IDN,2008,771,319,4122,1386,1069,7667,234951154,0.44,7793
Iran,IRN,2008,1,0,7,1,2,11,72289291,0.06,17187
Iraq,IRQ,2008,0,0,0,0,0,0,29821136,0,12217
Ireland,IRL,2008,0,0,0,0,0,0,4352866,0,46063
Israel,ISR,2008,0,0,0,0,0,0,7092324,0,29082
Italy,ITA,2008,0,0,0,0,2,2,59891479,0,37954
Jamaica,JAM,2008,0,0,0,0,0,0,2720282,0,8565
Japan,JPN,2008,0,0,0,0,0,0,126544640,0,36278
Jordan,JOR,2008,0,0,0,0,0,0,5848952,0,9715
Kazakhstan,KAZ,2008,0,0,0,0,0,0,15655345,0,19272
Kenya,KEN,2008,3504,655,2246,1362,491,8258,38455418,5.58,2335
Kiribati,KIR,2008,0,0,0,0,0,0,96532,0,1830
Kuwait,KWT,2008,0,0,0,0,0,0,2548351,0,93698
Kyrgyzstan,KGZ,2008,0,0,0,0,0,0,5204104,0.02,2791
Laos,LAO,2008,4,1,8,2,1,16,6022001,0.5,3732
Latin America and Caribbean,,2008,37,26,132,41,31,267,,0.2,0
Latvia,LVA,2008,0,0,0,0,0,0,2271198,0,21384
Lebanon,LBN,2008,0,0,0,0,0,0,4166915,0,14598
Lesotho,LSO,2008,0,0,0,0,0,0,2127412,0,2228
Liberia,LBR,2008,3236,364,744,504,282,5130,3658460,23.68,675
Libya,LBY,2008,0,0,0,0,0,0,6149620,0,28984
Lithuania,LTU,2008,0,0,0,0,0,0,3359799,0,23568
Low SDI,,2008,322068,41238,64450,39969,16833,484558,,8.41,0
Low-middle SDI,,2008,243278,32637,48511,31032,16225,371683,,4.96,0
Luxembourg,LUX,2008,0,0,0,0,0,0,486781,0,94900
Macedonia,MKD,2008,0,0,0,0,0,0,2052524,0,11044
Madagascar,MDG,2008,4338,695,2215,1270,303,8821,19546282,7.87,1523
Malawi,MWI,2008,6715,829,2094,1297,539,11474,14005113,23.24,948
Malaysia,MYS,2008,1,0,5,3,2,11,27502008,0.17,20687
Maldives,MDV,2008,0,0,0,0,0,0,307632,0,12745
Mali,MLI,2008,21708,1702,1811,1381,707,27309,14459990,27.55,1809
Malta,MLT,2008,0,0,0,0,0,0,413946,0,28438
Marshall Islands,MHL,2008,0,0,0,0,0,0,52880,0,3336
Mauritania,MRT,2008,118,21,61,60,37,297,3295254,2.22,3389
Mauritius,MUS,2008,0,0,0,0,0,0,1283849,0,14855
Mexico,MEX,2008,0,0,6,2,2,10,110627158,0.02,16293
Micronesia (country),FSM,2008,0,0,0,0,0,0,,0,3168
Middle SDI,,2008,4524,2158,5821,2497,1878,16878,,0.28,0
Moldova,MDA,2008,0,0,0,0,0,0,3635059,0,3876
Mongolia,MNG,2008,0,0,0,0,0,0,2667474,0,7576
Montenegro,MNE,2008,0,0,0,0,0,0,629185,0,14559
Morocco,MAR,2008,0,0,0,0,0,0,31321453,0,6107
Mozambique,MOZ,2008,13558,2005,3979,2592,869,23003,22332900,26.58,858
Myanmar,MMR,2008,1114,577,2729,1253,366,6039,47250315,1.69,3112
Namibia,NAM,2008,3,1,3,1,0,8,2200422,0.42,8208
Nepal,NPL,2008,530,254,112,68,45,1009,28905358,0.35,1850
Netherlands,NLD,2008,0,0,0,0,0,0,16503263,0,47134
New Zealand,NZL,2008,0,0,0,0,0,0,4277809,0,31881
Nicaragua,NIC,2008,0,0,1,0,0,1,5635577,0.14,4092
Niger,NER,2008,22591,2321,2632,2005,885,30434,14450007,25.06,816
Nigeria,NGA,2008,182209,15686,20975,14455,7861,241186,150665730,28.38,4711
North Africa and Middle East,,2008,1233,275,1687,246,123,3564,,0.28,0
North America,,2008,0,0,0,0,0,0,,0,49521
North Korea,PRK,2008,0,0,2,1,1,4,24126329,0.23,0
Northern Ireland,,2008,0,0,0,0,0,0,,0,0
Northern Mariana Islands,MNP,2008,0,0,0,0,0,0,62707,0,0
Norway,NOR,2008,0,0,0,0,0,0,4778959,0,64586
Oceania,,2008,113,34,409,144,21,721,,4.91,0
Oman,OMN,2008,0,0,0,0,0,0,2636963,0,44939
Pakistan,PAK,2008,1363,2484,843,428,328,5446,167442258,1.18,4273
Palestine,PSE,2008,0,0,0,0,0,0,,0,3612
Panama,PAN,2008,0,0,0,0,0,0,3406487,0.16,15113
Papua New Guinea,PNG,2008,106,32,384,134,19,675,6549268,6.01,2842
Paraguay,PRY,2008,0,0,0,0,0,0,6230242,0.03,6892
Peru,PER,2008,1,0,3,1,2,7,28463338,0.36,9323
Philippines,PHL,2008,11,10,70,26,13,130,90173139,0.14,5309
Poland,POL,2008,0,0,0,0,0,0,38218462,0,20392
Portugal,PRT,2008,0,0,0,0,0,0,10634612,0,27590
Puerto Rico,PRI,2008,0,0,0,0,0,0,3758981,0,34380
Qatar,QAT,2008,0,0,0,0,0,0,1396060,0,119723
Romania,ROU,2008,0,0,0,0,0,0,21589544,0,18924
Russia,RUS,2008,0,0,0,0,0,0,143163100,0,24006
Rwanda,RWA,2008,732,131,502,309,100,1774,10004092,1.49,1264
Saint Lucia,LCA,2008,0,0,0,0,0,0,170624,0,12422
Saint Vincent and the Grenadines,VCT,2008,0,0,0,0,0,0,109178,0,10494
Samoa,WSM,2008,0,0,0,0,0,0,181809,0,5728
Sao Tome and Principe,STP,2008,0,0,0,0,0,0,159852,2.15,2532
Saudi Arabia,SAU,2008,1,0,11,2,2,16,26166639,0,46679
Scotland,,2008,0,0,0,0,0,0,,0,0
Senegal,SEN,2008,2298,349,1135,903,484,5169,11787123,4.79,2166
Serbia,SRB,2008,0,0,0,0,0,0,9841360,0,12916
Seychelles,SYC,2008,0,0,0,0,0,0,85568,0,20064
Sierra Leone,SLE,2008,12345,1192,1626,1005,614,16782,5612129,40.97,1156
Singapore,SGP,2008,0,0,0,0,0,0,4772216,0,66046
Slovakia,SVK,2008,0,0,0,0,0,0,5441304,0,25382
Slovenia,SVN,2008,0,0,0,0,0,0,2018172,0,31138
Solomon Islands,SLB,2008,0,0,1,1,1,3,510221,6.69,1924
Somalia,SOM,2008,783,142,417,181,37,1560,8922260,2.53,0
South Africa,ZAF,2008,10,12,77,18,6,123,49319363,0.01,11990
South Asia,,2008,35259,18908,10498,5861,3805,74331,,0.82,3670
South Korea,KOR,2008,0,0,1,1,1,3,47733951,0.05,28588
South Sudan,SSD,2008,3006,396,791,413,115,4721,8473315,13.73,0
Southeast Asia,,2008,2304,1081,8351,3236,1866,16838,,0.43,0
"Southeast Asia, East Asia, and Oceania",,2008,2419,1118,8844,3407,1922,17710,,0.2,0
Southern Latin America,,2008,0,0,2,1,1,4,,0,0
Southern Sub-Saharan Africa,,2008,482,202,255,57,23,1019,,0.84,0
Spain,ESP,2008,0,0,0,0,0,0,45146258,0,34164
Sri Lanka,LKA,2008,1,0,8,5,5,19,20473799,0.07,7723
Sub-Saharan Africa,,2008,531126,55794,98070,64063,29132,778185,,18.63,3122
Sudan,SDN,2008,1012,206,912,188,83,2401,32941836,2.17,3318
Suriname,SUR,2008,1,0,2,1,0,4,515066,1.07,13397
Swaziland,SWZ,2008,3,1,2,1,0,7,1150344,0.04,7184
Sweden,SWE,2008,0,0,0,0,0,0,9236872,0,43466
Switzerland,CHE,2008,0,0,0,0,0,0,7573204,0,56756
Syria,SYR,2008,0,0,0,0,0,0,19694259,0,0
Taiwan,TWN,2008,0,0,0,0,0,0,22921000,0,0
Tajikistan,TJK,2008,12,0,1,1,1,15,6691416,0.38,1992
Tanzania,TZA,2008,10066,1013,2552,1570,653,15854,42267667,10.75,1987
Thailand,THA,2008,4,4,34,11,10,63,68267982,0.24,12757
Timor,TLS,2008,1,0,1,0,0,2,,5.52,9822
Togo,TGO,2008,4446,573,1249,897,419,7584,5776837,32.25,1185
Tonga,TON,2008,0,0,0,0,0,0,102910,0,4756
Trinidad and Tobago,TTO,2008,0,0,0,0,0,0,1331040,0,31951
Tropical Latin America,,2008,10,8,41,13,9,81,,0.16,0
Tunisia,TUN,2008,0,0,0,0,0,0,10247325,0,10003
Turkey,TUR,2008,0,0,0,0,0,0,70923730,0.01,17837
Turkmenistan,TKM,2008,0,0,0,0,0,0,4918396,0,8845
Uganda,UGA,2008,30501,3149,5112,2627,998,42387,31339392,27.4,1439
Ukraine,UKR,2008,0,0,0,0,0,0,45991584,0,8740
United Arab Emirates,ARE,2008,0,0,0,0,0,0,6206623,0,71315
United Kingdom,GBR,2008,0,0,0,0,0,0,61270318,0,37903
United States,USA,2008,0,0,0,0,0,0,304989064,0,50384
United States Virgin Islands,VIR,2008,0,0,0,0,0,0,,0,0
Uruguay,URY,2008,0,0,0,0,0,0,3345967,0,15308
Uzbekistan,UZB,2008,0,0,2,1,0,3,26811974,0.01,3782
Vanuatu,VUT,2008,0,0,0,0,0,0,228041,3.64,2944
Venezuela,VEN,2008,2,1,9,3,2,17,28057485,0.39,17897
Vietnam,VNM,2008,82,33,645,285,318,1363,85951912,0.15,4010
Wales,,2008,0,0,0,0,0,0,,0,0
Western Europe,,2008,0,0,0,0,10,10,,0,0
Western Sub-Saharan Africa,,2008,351036,35180,54779,38832,21058,500885,,27.62,0
World,OWID_WRL,2008,570087,76121,119238,73621,35027,874094,,2.77,12874
Yemen,YEM,2008,0,0,4,1,1,6,,1.42,4228
Zambia,ZMB,2008,2077,311,762,365,127,3642,12379612,10.02,2882
Zimbabwe,ZWE,2008,465,189,170,36,16,876,12451543,4.43,1215
Afghanistan,AFG,2017,138,50,919,84,29,1220,,0.67,1804
Albania,ALB,2017,0,0,0,0,0,0,,0,11803
Algeria,DZA,2017,0,0,4,1,1,6,,0.01,13914
American Samoa,ASM,2017,0,0,0,0,0,0,,0,0
Andean Latin America,,2017,1,1,8,4,4,18,,0.26,0
Andorra,AND,2017,0,0,0,0,0,0,,0,0
Angola,AGO,2017,4470,651,1818,1195,298,8432,,9.74,5819
Antigua and Barbuda,ATG,2017,0,0,0,0,0,0,,0,21491
Argentina,ARG,2017,0,0,0,0,0,0,,0,18934
Armenia,ARM,2017,0,0,0,0,0,0,,0,8788
Australasia,,2017,0,0,0,0,0,0,,0,0
Australia,AUS,2017,0,0,0,0,0,0,,0,44649
Austria,AUT,2017,0,0,0,0,0,0,,0,45437
Azerbaijan,AZE,2017,0,0,0,0,0,0,,0,15847
Bahamas,BHS,2017,0,0,0,0,0,0,,0,27718
Bahrain,BHR,2017,0,0,0,0,0,0,,0,43291
Bangladesh,BGD,2017,1,863,1415,618,377,3274,,0.03,3524
Barbados,BRB,2017,0,0,0,0,0,0,,0,16978
Belarus,BLR,2017,0,0,0,0,0,0,,0,17168
Belgium,BEL,2017,0,0,0,0,0,0,,0,42659
Belize,BLZ,2017,0,0,0,0,0,0,,0.03,7824
Benin,BEN,2017,5611,721,1494,1083,524,9433,,24.1,2064
Bermuda,BMU,2017,0,0,0,0,0,0,,0,0
Bhutan,BTN,2017,7,5,3,2,2,19,,0.05,8709
Bolivia,BOL,2017,1,0,2,1,1,5,,0.22,6886
Bosnia and Herzegovina,BIH,2017,0,0,0,0,0,0,,0,11714
Botswana,BWA,2017,1,0,3,1,0,5,,0.04,15807
Brazil,BRA,2017,4,4,30,12,10,60,,0.09,14103
Brunei,BRN,2017,0,0,0,0,0,0,,0,71809
Bulgaria,BGR,2017,0,0,0,0,0,0,,0,18563
Burkina Faso,BFA,2017,21007,1988,3514,2744,1321,30574,,23.62,1703
Burundi,BDI,2017,4880,711,1669,1125,274,8659,,14,702
Cambodia,KHM,2017,171,83,584,304,87,1229,,0.47,3645
Cameroon,CMR,2017,11214,1865,4469,3011,1482,22041,,17.48,3365
Canada,CAN,2017,0,0,0,0,0,0,,0,44018
Cape Verde,CPV,2017,2,0,0,0,0,2,,0.08,6223
Caribbean,,2017,2,1,17,5,2,27,,0.13,0
Central African Republic,CAF,2017,2120,360,867,418,84,3849,,24.9,661
Central Asia,,2017,0,0,0,0,0,0,,0,0
Central Europe,,2017,0,0,0,0,0,0,,0,0
"Central Europe, Eastern Europe, and Central Asia",,2017,0,0,0,0,0,0,,0,0
Central Latin America,,2017,13,9,51,18,15,106,,0.19,0
Central Sub-Saharan Africa,,2017,56702,7132,18737,11913,2874,97358,,18.15,0
Chad,TCD,2017,4662,740,1053,790,434,7679,,9.29,1768
Chile,CHL,2017,0,0,0,0,0,0,,0,22767
China,CHN,2017,1,2,44,24,34,105,,0,15309
Colombia,COL,2017,7,3,14,6,7,37,,0.25,13255
Comoros,COM,2017,0,0,1,0,0,1,,0.2,1414
Congo,COG,2017,739,148,734,496,127,2244,,14.34,4881
Costa Rica,CRI,2017,0,0,0,0,0,0,,0,15525
Cote d'Ivoire,CIV,2017,8240,1179,3470,2354,1008,16251,,9.05,3601
Croatia,HRV,2017,0,0,0,0,0,0,,0,22670
Cuba,CUB,2017,0,0,0,0,0,0,,0,0
Cyprus,CYP,2017,0,0,0,0,0,0,,0,32415
Czech Republic,CZE,2017,0,0,0,0,0,0,,0,32606
Democratic Republic of Congo,COD,2017,48656,5854,14902,9540,2274,81226,,20.8,808
Denmark,DNK,2017,0,0,0,0,0,0,,0,46683
Djibouti,DJI,2017,0,0,1,0,0,1,,1.05,0
Dominica,DMA,2017,0,0,0,0,0,0,,0,9673
Dominican Republic,DOM,2017,0,0,1,0,0,1,,0,14601
East Asia,,2017,1,2,46,25,35,109,,0.01,0
Eastern Europe,,2017,0,0,0,0,0,0,,0,0
Eastern Sub-Saharan Africa,,2017,50246,7624,22470,13121,4175,97636,,7.13,0
Ecuador,ECU,2017,0,0,3,1,2,6,,0.07,10582
Egypt,EGY,2017,0,0,0,0,0,0,,0,10550
El Salvador,SLV,2017,0,0,0,0,0,0,,0.01,7292
England,,2017,0,0,0,0,0,0,,0,0
Equatorial Guinea,GNQ,2017,443,82,227,112,38,902,,27.16,22605
Eritrea,ERI,2017,2,1,7,1,0,11,,0.59,0
Estonia,EST,2017,0,0,0,0,0,0,,0,29481
Ethiopia,ETH,2017,1065,198,971,419,130,2783,,0.88,1730
Fiji,FJI,2017,0,0,0,0,0,0,,0,8703
Finland,FIN,2017,0,0,0,0,0,0,,0,40586
France,FRA,2017,0,0,0,0,0,0,,0,38606
Gabon,GAB,2017,274,38,189,151,52,704,,14.5,16562
Gambia,GMB,2017,38,8,40,29,19,134,,0.8,1562
Georgia,GEO,2017,0,0,0,0,0,0,,0,9745
Germany,DEU,2017,0,0,0,0,0,0,,0,45229
Ghana,GHA,2017,6006,1141,5866,3969,1775,18757,,12.65,4228
Greece,GRC,2017,0,0,0,0,0,0,,0,24574
Greenland,GRL,2017,0,0,0,0,0,0,,0,0
Grenada,GRD,2017,0,0,0,0,0,0,,0,13594
Guam,GUM,2017,0,0,0,0,0,0,,0,0
Guatemala,GTM,2017,1,1,7,2,2,13,,0.2,7424
Guinea,GIN,2017,6746,903,1616,1379,712,11356,,22.59,1999
Guinea-Bissau,GNB,2017,83,14,71,44,22,234,,1.94,1549
Guyana,GUY,2017,1,1,8,3,1,14,,1.65,7435
Haiti,HTI,2017,1,0,6,1,1,9,,0.32,1653
High SDI,,2017,0,0,1,1,2,4,,0,0
High-income,,2017,0,0,1,0,1,2,,0,0
High-income Asia Pacific,,2017,0,0,1,0,1,2,,0.01,0
High-middle SDI,,2017,102,68,314,104,80,668,,0.01,0
Honduras,HND,2017,3,4,19,5,4,35,,0.17,4542
Hungary,HUN,2017,0,0,0,0,0,0,,0,26778
Iceland,ISL,2017,0,0,0,0,0,0,,0,46483
India,IND,2017,23000,10820,7435,5224,3234,49713,,0.55,6427
Indonesia,IDN,2017,352,222,3214,1378,1354,6520,,0.33,11189
Iran,IRN,2017,0,0,5,1,2,8,,0.01,19083
Iraq,IRQ,2017,0,0,0,0,0,0,,0,15664
Ireland,IRL,2017,0,0,0,0,0,0,,0,67335
Israel,ISR,2017,0,0,0,0,0,0,,0,33132
Italy,ITA,2017,0,0,0,0,0,0,,0,35220
Jamaica,JAM,2017,0,0,0,0,0,0,,0,8194
Japan,JPN,2017,0,0,0,0,0,0,,0,39002
Jordan,JOR,2017,0,0,0,0,0,0,,0,8337
Kazakhstan,KAZ,2017,0,0,0,0,0,0,,0,24056
Kenya,KEN,2017,1338,340,1648,1039,344,4709,,3.23,2993
Kiribati,KIR,2017,0,0,0,0,0,0,,0,1981
Kuwait,KWT,2017,0,0,0,0,0,0,,0,65531
Kyrgyzstan,KGZ,2017,0,0,0,0,0,0,,0,3393
Laos,LAO,2017,2,0,7,2,1,12,,0.76,6397
Latin America and Caribbean,,2017,20,15,106,39,32,212,,0.16,0
Latvia,LVA,2017,0,0,0,0,0,0,,0,25064
Lebanon,LBN,2017,0,0,0,0,0,0,,0,13368
Lesotho,LSO,2017,0,0,0,0,0,0,,0,2851
Liberia,LBR,2017,1296,183,641,476,214,2810,,14.89,753
Libya,LBY,2017,0,0,0,0,0,0,,0,17882
Lithuania,LTU,2017,0,0,0,0,0,0,,0,29524
Low SDI,,2017,208776,30113,60974,39523,15169,354555,,5.67,0
Low-middle SDI,,2017,142425,22427,42778,28867,13428,249925,,2.98,0
Luxembourg,LUX,2017,0,0,0,0,0,0,,0,94278
Macedonia,MKD,2017,0,0,0,0,0,0,,0,13111
Madagascar,MDG,2017,2201,406,1835,1127,229,5798,,4.06,1416
Malawi,MWI,2017,2995,465,1878,1083,463,6884,,13.33,1095
Malaysia,MYS,2017,0,0,5,3,2,10,,0.08,26808
Maldives,MDV,2017,0,0,0,0,0,0,,0,15184
Mali,MLI,2017,19467,1467,1955,1454,737,25080,,16.49,2014
Malta,MLT,2017,0,0,0,0,0,0,,0,36513
Marshall Islands,MHL,2017,0,0,0,0,0,0,,0,3819
Mauritania,MRT,2017,86,19,62,68,37,272,,1.92,3598
Mauritius,MUS,2017,0,0,0,0,0,0,,0,20293
Mexico,MEX,2017,0,0,1,0,0,1,,0.01,17336
Micronesia (country),FSM,2017,0,0,0,0,0,0,,0,3299
Middle SDI,,2017,2951,1727,4856,2721,2296,14551,,0.19,0
Moldova,MDA,2017,0,0,0,0,0,0,,0,5190
Mongolia,MNG,2017,0,0,0,0,0,0,,0,11841
Montenegro,MNE,2017,0,0,0,0,0,0,,0,16409
Morocco,MAR,2017,0,0,0,0,0,0,,0,7485
Mozambique,MOZ,2017,9014,1843,4208,2539,820,18424,,19.57,1136
Myanmar,MMR,2017,427,278,1596,1097,288,3686,,0.6,5592
Namibia,NAM,2017,3,1,3,1,1,9,,0.48,9542
Nepal,NPL,2017,276,182,120,84,62,724,,0.12,2443
Netherlands,NLD,2017,0,0,0,0,0,0,,0,48473
New Zealand,NZL,2017,0,0,0,0,0,0,,0,36086
Nicaragua,NIC,2017,0,0,1,0,1,2,,0.27,5321
Niger,NER,2017,20620,2402,3237,2761,1465,30485,,21.36,926
Nigeria,NGA,2017,104085,10307,18195,13253,6400,152240,,12.98,5338
North Africa and Middle East,,2017,1077,279,2018,313,128,3815,,0.29,0
North America,,2017,0,0,0,0,0,0,,0,53192
North Korea,PRK,2017,0,0,1,1,0,2,,0.13,0
Northern Ireland,,2017,0,0,0,0,0,0,,0,0
Northern Mariana Islands,MNP,2017,0,0,0,0,0,0,,0,0
Norway,NOR,2017,0,0,0,0,0,0,,0,64800
Oceania,,2017,79,28,357,158,23,645,,3.78,0
Oman,OMN,2017,0,0,0,0,0,0,,0,37961
Pakistan,PAK,2017,1060,2210,894,456,379,4999,,1.03,5035
Palestine,PSE,2017,0,0,0,0,0,0,,0,4450
Panama,PAN,2017,0,0,0,0,0,0,,0.12,22267
Papua New Guinea,PNG,2017,75,26,337,148,21,607,,4.52,3823
Paraguay,PRY,2017,0,0,0,0,0,0,,0,8827
Peru,PER,2017,0,0,3,1,2,6,,0.36,12237
Philippines,PHL,2017,6,4,54,24,13,101,,0.1,7599
Poland,POL,2017,0,0,0,0,0,0,,0,27216
Portugal,PRT,2017,0,0,0,0,0,0,,0,27937
Puerto Rico,PRI,2017,0,0,0,0,0,0,,0,0
Qatar,QAT,2017,0,0,0,0,0,0,,0,116936
Romania,ROU,2017,0,0,0,0,0,0,,0,23313
Russia,RUS,2017,0,0,0,0,0,0,,0,24766
Rwanda,RWA,2017,1087,177,908,682,199,3053,,2.57,1854
Saint Lucia,LCA,2017,0,0,0,0,0,0,,0,12952
Saint Vincent and the Grenadines,VCT,2017,0,0,0,0,0,0,,0,10727
Samoa,WSM,2017,0,0,0,0,0,0,,0,6022
Sao Tome and Principe,STP,2017,0,0,0,0,0,0,,0.63,3053
Saudi Arabia,SAU,2017,0,0,11,3,2,16,,0,49045
Scotland,,2017,0,0,0,0,0,0,,0,0
Senegal,SEN,2017,631,126,611,529,249,2146,,1.74,2471
Serbia,SRB,2017,0,0,0,0,0,0,,0,14049
Seychelles,SYC,2017,0,0,0,0,0,0,,0,26382
Sierra Leone,SLE,2017,7432,845,1431,894,518,11120,,28.1,1390
Singapore,SGP,2017,0,0,0,0,0,0,,0,85535
Slovakia,SVK,2017,0,0,0,0,0,0,,0,30155
Slovenia,SVN,2017,0,0,0,0,0,0,,0,31401
Solomon Islands,SLB,2017,0,0,1,1,1,3,,4.88,2206
Somalia,SOM,2017,427,97,409,183,39,1155,,1.67,0
South Africa,ZAF,2017,5,6,37,14,5,67,,0.01,12295
South Asia,,2017,24343,14082,9866,6384,4053,58728,,0.55,5915
South Korea,KOR,2017,0,0,1,0,1,2,,0.02,35938
South Sudan,SSD,2017,2388,344,672,364,95,3863,,10.89,0
Southeast Asia,,2017,1011,615,6020,3220,2162,13028,,0.24,0
"Southeast Asia, East Asia, and Oceania",,2017,1091,645,6423,3403,2220,13782,,0.12,0
Southern Latin America,,2017,0,0,0,0,0,0,,0,0
Southern Sub-Saharan Africa,,2017,409,146,143,49,24,771,,0.3,0
Spain,ESP,2017,0,0,0,0,0,0,,0,34272
Sri Lanka,LKA,2017,0,0,0,0,0,0,,0,11669
Sub-Saharan Africa,,2017,327762,39322,90555,61100,24549,543288,,11.01,3467
Sudan,SDN,2017,937,228,1072,222,92,2551,,2.42,4467
Suriname,SUR,2017,0,0,2,1,0,3,,0.11,13767
Swaziland,SWZ,2017,2,0,2,1,0,5,,0.02,7739
Sweden,SWE,2017,0,0,0,0,0,0,,0,46949
Switzerland,CHE,2017,0,0,0,0,0,0,,0,57410
Syria,SYR,2017,0,0,0,0,0,0,,0,0
Taiwan,TWN,2017,0,0,0,0,0,0,,0,0
Tajikistan,TJK,2017,0,0,0,0,0,0,,0,2897
Tanzania,TZA,2017,8478,995,3149,1985,719,15326,,6.85,2683
Thailand,THA,2017,1,1,14,7,8,31,,0.08,16278
Timor,TLS,2017,0,0,1,0,0,1,,0.04,6570
Togo,TGO,2017,3177,511,1477,1177,562,6904,,30.81,1430
Tonga,TON,2017,0,0,0,0,0,0,,0,5426
Trinidad and Tobago,TTO,2017,0,0,0,0,0,0,,0,28763
Tropical Latin America,,2017,4,4,30,12,10,60,,0.08,0
Tunisia,TUN,2017,0,0,0,0,0,0,,0,10849
Turkey,TUR,2017,0,0,0,0,0,0,,0,25129
Turkmenistan,TKM,2017,0,0,0,0,0,0,,0,16389
Uganda,UGA,2017,13926,1684,3952,1994,681,22237,,19.23,1698
Ukraine,UKR,2017,0,0,0,0,0,0,,0,7894
United Arab Emirates,ARE,2017,0,0,0,0,0,0,,0,67293
United Kingdom,GBR,2017,0,0,0,0,0,0,,0,39753
United States,USA,2017,0,0,0,0,0,0,,0,54225
United States Virgin Islands,VIR,2017,0,0,0,0,0,0,,0,0
Uruguay,URY,2017,0,0,0,0,0,0,,0,20551
Uzbekistan,UZB,2017,0,0,0,0,0,0,,0,6253
Vanuatu,VUT,2017,0,0,0,0,0,0,,0.98,2922
Venezuela,VEN,2017,1,1,9,3,2,16,,0.94,0
Vietnam,VNM,2017,50,25,537,401,405,1418,,0.08,6172
Wales,,2017,0,0,0,0,0,0,,0,0
Western Europe,,2017,0,0,0,0,0,0,,0,0
Western Sub-Saharan Africa,,2017,220405,24419,49204,36018,17477,347523,,14.53,0
World,OWID_WRL,2017,354294,54342,108969,71239,30982,619826,,1.95,15469
Yemen,YEM,2017,0,0,5,1,1,7,,1.23,0
Zambia,ZMB,2017,2415,359,1148,572,178,4672,,11.19,3689
Zimbabwe,ZWE,2017,398,139,99,32,18,686,,1.41,1900